[
    {
        "lab_id": 1,
        "lab_name": "Computer Lab A",
        "computers": [
            {
                "pc_id": "PC-A1",
                "specs": "i5, 16GB RAM, 512GB SSD",
                "status": "Working"
            },
            {
                "pc_id": "PC-A2",
                "specs": "i7, 32GB RAM, 1TB SSD",
                "status": "Working"
            },
            {
                "pc_id": "PC-A3",
                "specs": "i5, 8GB RAM, 256GB SSD",
                "status": "Not Working"
            }
        ]
    },
    {
        "lab_id": 2,
        "lab_name": "Computer Lab B",
        "computers": [
            {
                "pc_id": "PC-B1",
                "specs": "i7, 16GB RAM, 512GB SSD",
                "status": "Working"
            },
            {
                "pc_id": "PC-B2",
                "specs": "i5, 16GB RAM, 512GB SSD",
                "status": "Working"
            }
        ]
    }
]